00244198,downloaded,companies_house_pdfs/CS01/00244198_2025-11-14_CS01.pdf,companies_house_pdfs/CS01,CS01,2025-11-14,1,,,none,
00244198,downloaded,companies_house_pdfs/CS01/00244198_2024-11-18_CS01.pdf,companies_house_pdfs/CS01,CS01,2024-11-18,2,,,none,
00244198,downloaded,companies_house_pdfs/CS01/00244198_2023-11-17_CS01.pdf,companies_house_pdfs/CS01,CS01,2023-11-17,3,,,none,
00244198,downloaded,companies_house_pdfs/CS01/00244198_2022-12-21_CS01.pdf,companies_house_pdfs/CS01,CS01,2022-12-21,4,,,none,
00244198,downloaded,companies_house_pdfs/CS01/00244198_2021-11-17_CS01.pdf,companies_house_pdfs/CS01,CS01,2021-11-17,5,,,none,
00244198,downloaded,companies_house_pdfs/CS01/00244198_2020-11-17_CS01.pdf,companies_house_pdfs/CS01,CS01,2020-11-17,6,,,none,
00244198,downloaded,companies_house_pdfs/CS01/00244198_2019-11-29_CS01.pdf,companies_house_pdfs/CS01,CS01,2019-11-29,7,,,none,
00244198,downloaded,companies_house_pdfs/CS01/00244198_2018-12-07_CS01.pdf,companies_house_pdfs/CS01,CS01,2018-12-07,8,,,none,
00244198,downloaded,companies_house_pdfs/CS01/00244198_2017-11-22_CS01.pdf,companies_house_pdfs/CS01,CS01,2017-11-22,9,,,none,
00244198,downloaded,companies_house_pdfs/CS01/00244198_2016-12-02_CS01.pdf,companies_house_pdfs/CS01,CS01,2016-12-02,10,,,none,
00265276,downloaded,companies_house_pdfs/CS01/00265276_2025-11-14_CS01.pdf,companies_house_pdfs/CS01,CS01,2025-11-14,11,,,none,
00265276,downloaded,companies_house_pdfs/CS01/00265276_2025-01-28_CS01.pdf,companies_house_pdfs/CS01,CS01,2025-01-28,12,,,none,
00265276,downloaded,companies_house_pdfs/CS01/00265276_2024-01-22_CS01.pdf,companies_house_pdfs/CS01,CS01,2024-01-22,13,,,none,
00265276,downloaded,companies_house_pdfs/CS01/00265276_2023-01-27_CS01.pdf,companies_house_pdfs/CS01,CS01,2023-01-27,14,,,none,
00265276,downloaded,companies_house_pdfs/CS01/00265276_2022-01-18_CS01.pdf,companies_house_pdfs/CS01,CS01,2022-01-18,15,,,none,
00265276,downloaded,companies_house_pdfs/CS01/00265276_2021-01-26_CS01.pdf,companies_house_pdfs/CS01,CS01,2021-01-26,16,,,none,
00265276,downloaded,companies_house_pdfs/CS01/00265276_2020-01-14_CS01.pdf,companies_house_pdfs/CS01,CS01,2020-01-14,17,,,none,
00265276,downloaded,companies_house_pdfs/CS01/00265276_2019-01-14_CS01.pdf,companies_house_pdfs/CS01,CS01,2019-01-14,18,,,none,
00265276,downloaded,companies_house_pdfs/CS01/00265276_2018-01-15_CS01.pdf,companies_house_pdfs/CS01,CS01,2018-01-15,19,,,none,
00265276,downloaded,companies_house_pdfs/CS01/00265276_2017-01-23_CS01.pdf,companies_house_pdfs/CS01,CS01,2017-01-23,20,,,none,
00334089,downloaded,companies_house_pdfs/CS01/00334089_2025-04-10_CS01.pdf,companies_house_pdfs/CS01,CS01,2025-04-10,21,,,none,
00334089,downloaded,companies_house_pdfs/CS01/00334089_2024-04-19_CS01.pdf,companies_house_pdfs/CS01,CS01,2024-04-19,22,,,none,
00334089,downloaded,companies_house_pdfs/CS01/00334089_2023-04-13_CS01.pdf,companies_house_pdfs/CS01,CS01,2023-04-13,23,,,none,
00334089,downloaded,companies_house_pdfs/CS01/00334089_2022-05-04_CS01.pdf,companies_house_pdfs/CS01,CS01,2022-05-04,24,,,none,
00334089,downloaded,companies_house_pdfs/CS01/00334089_2021-04-01_CS01.pdf,companies_house_pdfs/CS01,CS01,2021-04-01,25,,,none,
00334089,downloaded,companies_house_pdfs/CS01/00334089_2020-04-06_CS01.pdf,companies_house_pdfs/CS01,CS01,2020-04-06,26,,,none,
00334089,downloaded,companies_house_pdfs/CS01/00334089_2019-04-16_CS01.pdf,companies_house_pdfs/CS01,CS01,2019-04-16,27,,,none,
00334089,downloaded,companies_house_pdfs/CS01/00334089_2018-05-30_CS01.pdf,companies_house_pdfs/CS01,CS01,2018-05-30,28,,,none,
00334089,downloaded,companies_house_pdfs/CS01/00334089_2017-04-11_CS01.pdf,companies_house_pdfs/CS01,CS01,2017-04-11,29,,,none,
00434503,downloaded,companies_house_pdfs/CS01/00434503_2025-07-02_CS01.pdf,companies_house_pdfs/CS01,CS01,2025-07-02,30,,,none,
00434503,downloaded,companies_house_pdfs/CS01/00434503_2024-06-20_CS01.pdf,companies_house_pdfs/CS01,CS01,2024-06-20,31,,,none,
00434503,downloaded,companies_house_pdfs/CS01/00434503_2023-06-21_CS01.pdf,companies_house_pdfs/CS01,CS01,2023-06-21,32,,,none,
00434503,downloaded,companies_house_pdfs/CS01/00434503_2022-06-27_CS01.pdf,companies_house_pdfs/CS01,CS01,2022-06-27,33,,,none,
00434503,downloaded,companies_house_pdfs/CS01/00434503_2021-06-21_CS01.pdf,companies_house_pdfs/CS01,CS01,2021-06-21,34,,,none,
00434503,downloaded,companies_house_pdfs/CS01/00434503_2020-06-22_CS01.pdf,companies_house_pdfs/CS01,CS01,2020-06-22,35,,,none,
00434503,downloaded,companies_house_pdfs/CS01/00434503_2019-06-25_CS01.pdf,companies_house_pdfs/CS01,CS01,2019-06-25,36,,,none,
00434503,downloaded,companies_house_pdfs/CS01/00434503_2018-06-28_CS01.pdf,companies_house_pdfs/CS01,CS01,2018-06-28,37,,,none,
00434503,downloaded,companies_house_pdfs/CS01/00434503_2017-06-29_CS01.pdf,companies_house_pdfs/CS01,CS01,2017-06-29,38,,,none,
00470731,downloaded,companies_house_pdfs/CS01/00470731_2025-08-15_CS01.pdf,companies_house_pdfs/CS01,CS01,2025-08-15,39,,,none,
00470731,downloaded,companies_house_pdfs/CS01/00470731_2024-08-01_CS01.pdf,companies_house_pdfs/CS01,CS01,2024-08-01,40,,,none,
00470731,downloaded,companies_house_pdfs/CS01/00470731_2023-07-31_CS01.pdf,companies_house_pdfs/CS01,CS01,2023-07-31,41,,,none,
00470731,downloaded,companies_house_pdfs/CS01/00470731_2022-08-05_CS01.pdf,companies_house_pdfs/CS01,CS01,2022-08-05,42,,,none,
00470731,downloaded,companies_house_pdfs/CS01/00470731_2021-08-13_CS01.pdf,companies_house_pdfs/CS01,CS01,2021-08-13,43,,,none,
00470731,downloaded,companies_house_pdfs/CS01/00470731_2020-08-07_CS01.pdf,companies_house_pdfs/CS01,CS01,2020-08-07,44,,,none,
00470731,downloaded,companies_house_pdfs/CS01/00470731_2019-08-05_CS01.pdf,companies_house_pdfs/CS01,CS01,2019-08-05,45,,,none,
00470731,downloaded,companies_house_pdfs/CS01/00470731_2018-08-06_CS01.pdf,companies_house_pdfs/CS01,CS01,2018-08-06,46,,,none,
00470731,downloaded,companies_house_pdfs/CS01/00470731_2017-07-31_CS01.pdf,companies_house_pdfs/CS01,CS01,2017-07-31,47,,,none,
00470731,downloaded,companies_house_pdfs/CS01/00470731_2016-08-03_CS01.pdf,companies_house_pdfs/CS01,CS01,2016-08-03,48,,,none,
00560075,downloaded,companies_house_pdfs/CS01/00560075_2024-12-03_CS01.pdf,companies_house_pdfs/CS01,CS01,2024-12-03,49,,,none,
00560075,downloaded,companies_house_pdfs/CS01/00560075_2023-11-13_CS01.pdf,companies_house_pdfs/CS01,CS01,2023-11-13,50,,,none,
00560075,downloaded,companies_house_pdfs/CS01/00560075_2022-11-14_CS01.pdf,companies_house_pdfs/CS01,CS01,2022-11-14,51,,,none,
00560075,downloaded,companies_house_pdfs/CS01/00560075_2021-12-03_CS01.pdf,companies_house_pdfs/CS01,CS01,2021-12-03,52,,,none,
00560075,downloaded,companies_house_pdfs/CS01/00560075_2020-11-10_CS01.pdf,companies_house_pdfs/CS01,CS01,2020-11-10,53,,,none,
00560075,downloaded,companies_house_pdfs/CS01/00560075_2019-11-12_CS01.pdf,companies_house_pdfs/CS01,CS01,2019-11-12,54,,,none,
00560075,downloaded,companies_house_pdfs/CS01/00560075_2018-11-09_CS01.pdf,companies_house_pdfs/CS01,CS01,2018-11-09,55,,,none,
00560075,downloaded,companies_house_pdfs/CS01/00560075_2017-11-15_CS01.pdf,companies_house_pdfs/CS01,CS01,2017-11-15,56,,,none,
00560075,downloaded,companies_house_pdfs/CS01/00560075_2016-11-10_CS01.pdf,companies_house_pdfs/CS01,CS01,2016-11-10,57,,,none,
00588841,downloaded,companies_house_pdfs/CS01/00588841_2025-10-07_CS01.pdf,companies_house_pdfs/CS01,CS01,2025-10-07,58,,,none,
00588841,downloaded,companies_house_pdfs/CS01/00588841_2024-10-08_CS01.pdf,companies_house_pdfs/CS01,CS01,2024-10-08,59,,,none,
00588841,downloaded,companies_house_pdfs/CS01/00588841_2023-10-16_CS01.pdf,companies_house_pdfs/CS01,CS01,2023-10-16,60,,,none,
00588841,downloaded,companies_house_pdfs/CS01/00588841_2022-10-18_CS01.pdf,companies_house_pdfs/CS01,CS01,2022-10-18,61,,,none,
00588841,downloaded,companies_house_pdfs/CS01/00588841_2021-10-26_CS01.pdf,companies_house_pdfs/CS01,CS01,2021-10-26,62,,,none,
00588841,downloaded,companies_house_pdfs/CS01/00588841_2020-10-13_CS01.pdf,companies_house_pdfs/CS01,CS01,2020-10-13,63,,,none,
00588841,downloaded,companies_house_pdfs/CS01/00588841_2019-10-07_CS01.pdf,companies_house_pdfs/CS01,CS01,2019-10-07,64,,,none,
00588841,downloaded,companies_house_pdfs/CS01/00588841_2018-10-08_CS01.pdf,companies_house_pdfs/CS01,CS01,2018-10-08,65,,,none,
00588841,downloaded,companies_house_pdfs/CS01/00588841_2017-10-12_CS01.pdf,companies_house_pdfs/CS01,CS01,2017-10-12,66,,,none,
00588841,downloaded,companies_house_pdfs/CS01/00588841_2016-10-12_CS01.pdf,companies_house_pdfs/CS01,CS01,2016-10-12,67,,,none,
00599302,downloaded,companies_house_pdfs/CS01/00599302_2025-01-18_CS01.pdf,companies_house_pdfs/CS01,CS01,2025-01-18,68,,,none,
00599302,downloaded,companies_house_pdfs/CS01/00599302_2023-12-21_CS01.pdf,companies_house_pdfs/CS01,CS01,2023-12-21,69,,,none,
00599302,downloaded,companies_house_pdfs/CS01/00599302_2023-01-16_CS01.pdf,companies_house_pdfs/CS01,CS01,2023-01-16,70,,,none,
00599302,downloaded,companies_house_pdfs/CS01/00599302_2021-12-17_CS01.pdf,companies_house_pdfs/CS01,CS01,2021-12-17,71,,,none,
00599302,downloaded,companies_house_pdfs/CS01/00599302_2021-01-02_CS01.pdf,companies_house_pdfs/CS01,CS01,2021-01-02,72,,,none,
00599302,downloaded,companies_house_pdfs/CS01/00599302_2019-12-16_CS01.pdf,companies_house_pdfs/CS01,CS01,2019-12-16,73,,,none,
00599302,downloaded,companies_house_pdfs/CS01/00599302_2018-12-26_CS01.pdf,companies_house_pdfs/CS01,CS01,2018-12-26,74,,,none,
00599302,downloaded,companies_house_pdfs/CS01/00599302_2017-12-28_CS01.pdf,companies_house_pdfs/CS01,CS01,2017-12-28,75,,,none,
00599302,downloaded,companies_house_pdfs/CS01/00599302_2016-12-15_CS01.pdf,companies_house_pdfs/CS01,CS01,2016-12-15,76,,,none,
00600574,downloaded,companies_house_pdfs/CS01/00600574_2024-11-26_CS01.pdf,companies_house_pdfs/CS01,CS01,2024-11-26,77,,,none,
00600574,downloaded,companies_house_pdfs/CS01/00600574_2023-11-20_CS01.pdf,companies_house_pdfs/CS01,CS01,2023-11-20,78,,,none,
00600574,downloaded,companies_house_pdfs/CS01/00600574_2022-11-14_CS01.pdf,companies_house_pdfs/CS01,CS01,2022-11-14,79,,,none,
00600574,downloaded,companies_house_pdfs/CS01/00600574_2021-12-30_CS01.pdf,companies_house_pdfs/CS01,CS01,2021-12-30,80,,,none,
00600574,downloaded,companies_house_pdfs/CS01/00600574_2020-12-22_CS01.pdf,companies_house_pdfs/CS01,CS01,2020-12-22,81,,,none,
00600574,downloaded,companies_house_pdfs/CS01/00600574_2019-12-30_CS01.pdf,companies_house_pdfs/CS01,CS01,2019-12-30,82,,,none,
00600574,downloaded,companies_house_pdfs/CS01/00600574_2018-12-19_CS01.pdf,companies_house_pdfs/CS01,CS01,2018-12-19,83,,,none,
00600574,downloaded,companies_house_pdfs/CS01/00600574_2018-01-24_CS01.pdf,companies_house_pdfs/CS01,CS01,2018-01-24,84,,,none,
00600574,downloaded,companies_house_pdfs/CS01/00600574_2016-12-13_CS01.pdf,companies_house_pdfs/CS01,CS01,2016-12-13,85,,,none,
00608472,downloaded,companies_house_pdfs/CS01/00608472_2025-02-14_CS01.pdf,companies_house_pdfs/CS01,CS01,2025-02-14,86,,,none,
00608472,downloaded,companies_house_pdfs/CS01/00608472_2024-01-30_CS01.pdf,companies_house_pdfs/CS01,CS01,2024-01-30,87,,,none,
00608472,downloaded,companies_house_pdfs/CS01/00608472_2023-01-10_CS01.pdf,companies_house_pdfs/CS01,CS01,2023-01-10,88,,,none,
00608472,downloaded,companies_house_pdfs/CS01/00608472_2022-01-25_CS01.pdf,companies_house_pdfs/CS01,CS01,2022-01-25,89,,,none,
00608472,downloaded,companies_house_pdfs/CS01/00608472_2021-01-18_CS01.pdf,companies_house_pdfs/CS01,CS01,2021-01-18,90,,,none,
00608472,downloaded,companies_house_pdfs/CS01/00608472_2020-01-02_CS01.pdf,companies_house_pdfs/CS01,CS01,2020-01-02,91,,,none,
00608472,downloaded,companies_house_pdfs/CS01/00608472_2019-01-02_CS01.pdf,companies_house_pdfs/CS01,CS01,2019-01-02,92,,,none,
00608472,downloaded,companies_house_pdfs/CS01/00608472_2018-01-02_CS01.pdf,companies_house_pdfs/CS01,CS01,2018-01-02,93,,,none,
00608472,downloaded,companies_house_pdfs/CS01/00608472_2017-02-03_CS01.pdf,companies_house_pdfs/CS01,CS01,2017-02-03,94,,,none,
00617641,downloaded,companies_house_pdfs/CS01/00617641_2024-12-17_CS01.pdf,companies_house_pdfs/CS01,CS01,2024-12-17,95,,,none,
00617641,downloaded,companies_house_pdfs/CS01/00617641_2023-12-05_CS01.pdf,companies_house_pdfs/CS01,CS01,2023-12-05,96,,,none,
00617641,downloaded,companies_house_pdfs/CS01/00617641_2022-12-12_CS01.pdf,companies_house_pdfs/CS01,CS01,2022-12-12,97,,,none,
00617641,downloaded,companies_house_pdfs/CS01/00617641_2021-12-03_CS01.pdf,companies_house_pdfs/CS01,CS01,2021-12-03,98,,,none,
00617641,downloaded,companies_house_pdfs/CS01/00617641_2021-01-04_CS01.pdf,companies_house_pdfs/CS01,CS01,2021-01-04,99,,,none,
00617641,downloaded,companies_house_pdfs/CS01/00617641_2019-12-04_CS01.pdf,companies_house_pdfs/CS01,CS01,2019-12-04,100,,,none,
00640918,downloaded,companies_house_pdfs/NEWINC/00640918_1959-10-30_NEWINC.pdf,companies_house_pdfs/NEWINC,NEWINC,1959-10-30,101,,,none,
01312957,downloaded,companies_house_pdfs/NEWINC/01312957_1977-05-06_NEWINC.pdf,companies_house_pdfs/NEWINC,NEWINC,1977-05-06,102,,,none,
01341762,downloaded,companies_house_pdfs/NEWINC/01341762_1977-12-01_NEWINC.pdf,companies_house_pdfs/NEWINC,NEWINC,1977-12-01,103,,,none,
01416575,downloaded,companies_house_pdfs/NEWINC/01416575_1979-02-23_NEWINC.pdf,companies_house_pdfs/NEWINC,NEWINC,1979-02-23,104,,,none,
02134561,downloaded,companies_house_pdfs/NEWINC/02134561_1987-05-27_NEWINC.pdf,companies_house_pdfs/NEWINC,NEWINC,1987-05-27,105,,,none,
02200003,downloaded,companies_house_pdfs/NEWINC/02200003_1987-11-30_NEWINC.pdf,companies_house_pdfs/NEWINC,NEWINC,1987-11-30,106,,,none,
02229408,downloaded,companies_house_pdfs/NEWINC/02229408_1988-03-11_NEWINC.pdf,companies_house_pdfs/NEWINC,NEWINC,1988-03-11,107,,,none,
02296208,downloaded,companies_house_pdfs/NEWINC/02296208_1988-09-14_NEWINC.pdf,companies_house_pdfs/NEWINC,NEWINC,1988-09-14,108,,,none,
02309828,downloaded,companies_house_pdfs/NEWINC/02309828_1988-10-27_NEWINC.pdf,companies_house_pdfs/NEWINC,NEWINC,1988-10-27,109,,,none,
02695874,downloaded,companies_house_pdfs/NEWINC/02695874_1992-03-11_NEWINC.pdf,companies_house_pdfs/NEWINC,NEWINC,1992-03-11,110,,,none,
02770815,downloaded,companies_house_pdfs/NEWINC/02770815_1992-12-04_NEWINC.pdf,companies_house_pdfs/NEWINC,NEWINC,1992-12-04,111,,,none,
02866871,downloaded,companies_house_pdfs/NEWINC/02866871_1993-10-28_NEWINC.pdf,companies_house_pdfs/NEWINC,NEWINC,1993-10-28,112,,,none,
02936281,downloaded,companies_house_pdfs/NEWINC/02936281_1994-06-07_NEWINC.pdf,companies_house_pdfs/NEWINC,NEWINC,1994-06-07,113,,,none,
02989598,downloaded,companies_house_pdfs/NEWINC/02989598_1994-11-08_NEWINC.pdf,companies_house_pdfs/NEWINC,NEWINC,1994-11-08,114,,,none,
03035678,downloaded,companies_house_pdfs/NEWINC/03035678_1995-03-21_NEWINC.pdf,companies_house_pdfs/NEWINC,NEWINC,1995-03-21,115,,,none,
03050507,downloaded,companies_house_pdfs/NEWINC/03050507_1995-04-27_NEWINC.pdf,companies_house_pdfs/NEWINC,NEWINC,1995-04-27,116,,,none,
03092456,downloaded,companies_house_pdfs/NEWINC/03092456_1995-08-17_NEWINC.pdf,companies_house_pdfs/NEWINC,NEWINC,1995-08-17,117,,,none,
03098220,downloaded,companies_house_pdfs/NEWINC/03098220_1995-09-04_NEWINC.pdf,companies_house_pdfs/NEWINC,NEWINC,1995-09-04,118,,,none,
03107220,downloaded,companies_house_pdfs/NEWINC/03107220_1995-09-27_NEWINC.pdf,companies_house_pdfs/NEWINC,NEWINC,1995-09-27,119,,,none,
03118541,downloaded,companies_house_pdfs/NEWINC/03118541_1995-10-26_NEWINC.pdf,companies_house_pdfs/NEWINC,NEWINC,1995-10-26,120,,,none,
03131986,downloaded,companies_house_pdfs/NEWINC/03131986_1995-11-29_NEWINC.pdf,companies_house_pdfs/NEWINC,NEWINC,1995-11-29,121,,,none,
03144094,downloaded,companies_house_pdfs/NEWINC/03144094_1996-01-08_NEWINC.pdf,companies_house_pdfs/NEWINC,NEWINC,1996-01-08,122,,,none,
03160444,downloaded,companies_house_pdfs/NEWINC/03160444_1996-02-15_NEWINC.pdf,companies_house_pdfs/NEWINC,NEWINC,1996-02-15,123,,,none,
03172323,downloaded,companies_house_pdfs/NEWINC/03172323_1996-03-13_NEWINC.pdf,companies_house_pdfs/NEWINC,NEWINC,1996-03-13,124,,,none,
03220565,downloaded,companies_house_pdfs/NEWINC/03220565_1996-07-04_NEWINC.pdf,companies_house_pdfs/NEWINC,NEWINC,1996-07-04,125,,,none,
03228121,downloaded,companies_house_pdfs/NEWINC/03228121_1996-07-23_NEWINC.pdf,companies_house_pdfs/NEWINC,NEWINC,1996-07-23,126,,,none,
03233225,downloaded,companies_house_pdfs/NEWINC/03233225_1996-08-02_NEWINC.pdf,companies_house_pdfs/NEWINC,NEWINC,1996-08-02,127,,,none,
03241095,downloaded,companies_house_pdfs/NEWINC/03241095_1996-08-22_NEWINC.pdf,companies_house_pdfs/NEWINC,NEWINC,1996-08-22,128,,,none,
03249657,downloaded,companies_house_pdfs/NEWINC/03249657_1996-09-13_NEWINC.pdf,companies_house_pdfs/NEWINC,NEWINC,1996-09-13,129,,,none,
03253173,downloaded,companies_house_pdfs/NEWINC/03253173_1996-09-23_NEWINC.pdf,companies_house_pdfs/NEWINC,NEWINC,1996-09-23,130,,,none,
03256044,downloaded,companies_house_pdfs/NEWINC/03256044_1996-09-27_NEWINC.pdf,companies_house_pdfs/NEWINC,NEWINC,1996-09-27,131,,,none,
03261290,downloaded,companies_house_pdfs/NEWINC/03261290_1996-10-09_NEWINC.pdf,companies_house_pdfs/NEWINC,NEWINC,1996-10-09,132,,,none,
03282420,downloaded,companies_house_pdfs/NEWINC/03282420_1996-11-22_NEWINC.pdf,companies_house_pdfs/NEWINC,NEWINC,1996-11-22,133,,,none,
03284638,downloaded,companies_house_pdfs/NEWINC/03284638_1996-11-27_NEWINC.pdf,companies_house_pdfs/NEWINC,NEWINC,1996-11-27,134,,,none,
03285945,downloaded,companies_house_pdfs/NEWINC/03285945_1996-12-01_NEWINC.pdf,companies_house_pdfs/NEWINC,NEWINC,1996-12-01,135,,,none,
03290826,downloaded,companies_house_pdfs/NEWINC/03290826_1996-12-11_NEWINC.pdf,companies_house_pdfs/NEWINC,NEWINC,1996-12-11,136,,,none,
03314176,downloaded,companies_house_pdfs/NEWINC/03314176_1997-02-06_NEWINC.pdf,companies_house_pdfs/NEWINC,NEWINC,1997-02-06,137,,,none,
03334766,downloaded,companies_house_pdfs/NEWINC/03334766_1997-03-17_NEWINC.pdf,companies_house_pdfs/NEWINC,NEWINC,1997-03-17,138,,,none,
03342226,downloaded,companies_house_pdfs/NEWINC/03342226_1997-04-01_NEWINC.pdf,companies_house_pdfs/NEWINC,NEWINC,1997-04-01,139,,,none,
03342484,downloaded,companies_house_pdfs/NEWINC/03342484_1997-04-01_NEWINC.pdf,companies_house_pdfs/NEWINC,NEWINC,1997-04-01,140,,,none,
03345744,downloaded,companies_house_pdfs/NEWINC/03345744_1997-04-04_NEWINC.pdf,companies_house_pdfs/NEWINC,NEWINC,1997-04-04,141,,,none,
03357630,downloaded,companies_house_pdfs/NEWINC/03357630_1997-04-22_NEWINC.pdf,companies_house_pdfs/NEWINC,NEWINC,1997-04-22,142,,,none,
03392966,downloaded,companies_house_pdfs/NEWINC/03392966_1997-06-26_NEWINC.pdf,companies_house_pdfs/NEWINC,NEWINC,1997-06-26,143,,,none,
03399300,downloaded,companies_house_pdfs/NEWINC/03399300_1997-07-07_NEWINC.pdf,companies_house_pdfs/NEWINC,NEWINC,1997-07-07,144,,,none,
03416672,downloaded,companies_house_pdfs/NEWINC/03416672_1997-08-04_NEWINC.pdf,companies_house_pdfs/NEWINC,NEWINC,1997-08-04,145,,,none,
03416675,downloaded,companies_house_pdfs/NEWINC/03416675_1997-08-04_NEWINC.pdf,companies_house_pdfs/NEWINC,NEWINC,1997-08-04,146,,,none,
03416678,downloaded,companies_house_pdfs/NEWINC/03416678_1997-08-04_NEWINC.pdf,companies_house_pdfs/NEWINC,NEWINC,1997-08-04,147,,,none,
03424517,downloaded,companies_house_pdfs/NEWINC/03424517_1997-08-26_NEWINC.pdf,companies_house_pdfs/NEWINC,NEWINC,1997-08-26,148,,,none,
03443600,downloaded,companies_house_pdfs/NEWINC/03443600_1997-10-02_NEWINC.pdf,companies_house_pdfs/NEWINC,NEWINC,1997-10-02,149,,,none,
03449940,downloaded,companies_house_pdfs/NEWINC/03449940_1997-10-14_NEWINC.pdf,companies_house_pdfs/NEWINC,NEWINC,1997-10-14,150,,,none,
03467180,downloaded,companies_house_pdfs/NEWINC/03467180_1997-11-12_NEWINC.pdf,companies_house_pdfs/NEWINC,NEWINC,1997-11-12,151,,,none,
03468042,downloaded,companies_house_pdfs/NEWINC/03468042_1997-11-19_NEWINC.pdf,companies_house_pdfs/NEWINC,NEWINC,1997-11-19,152,,,none,
03472150,downloaded,companies_house_pdfs/NEWINC/03472150_1997-11-27_NEWINC.pdf,companies_house_pdfs/NEWINC,NEWINC,1997-11-27,153,,,none,
03494763,downloaded,companies_house_pdfs/NEWINC/03494763_1998-01-19_NEWINC.pdf,companies_house_pdfs/NEWINC,NEWINC,1998-01-19,154,,,none,
03506237,downloaded,companies_house_pdfs/NEWINC/03506237_1998-02-06_NEWINC.pdf,companies_house_pdfs/NEWINC,NEWINC,1998-02-06,155,,,none,
03514839,downloaded,companies_house_pdfs/NEWINC/03514839_1998-02-20_NEWINC.pdf,companies_house_pdfs/NEWINC,NEWINC,1998-02-20,156,,,none,
03517678,downloaded,companies_house_pdfs/NEWINC/03517678_1998-02-26_NEWINC.pdf,companies_house_pdfs/NEWINC,NEWINC,1998-02-26,157,,,none,
03546309,downloaded,companies_house_pdfs/NEWINC/03546309_1998-04-15_NEWINC.pdf,companies_house_pdfs/NEWINC,NEWINC,1998-04-15,158,,,none,
03546587,downloaded,companies_house_pdfs/NEWINC/03546587_1998-04-16_NEWINC.pdf,companies_house_pdfs/NEWINC,NEWINC,1998-04-16,159,,,none,
03562600,downloaded,companies_house_pdfs/NEWINC/03562600_1998-05-13_NEWINC.pdf,companies_house_pdfs/NEWINC,NEWINC,1998-05-13,160,,,none,
03583121,downloaded,companies_house_pdfs/NEWINC/03583121_1998-06-18_NEWINC.pdf,companies_house_pdfs/NEWINC,NEWINC,1998-06-18,161,,,none,
03595926,downloaded,companies_house_pdfs/NEWINC/03595926_1998-07-09_NEWINC.pdf,companies_house_pdfs/NEWINC,NEWINC,1998-07-09,162,,,none,
03631101,downloaded,companies_house_pdfs/NEWINC/03631101_1998-09-14_NEWINC.pdf,companies_house_pdfs/NEWINC,NEWINC,1998-09-14,163,,,none,
03633557,downloaded,companies_house_pdfs/NEWINC/03633557_1998-09-17_NEWINC.pdf,companies_house_pdfs/NEWINC,NEWINC,1998-09-17,164,,,none,
03636679,downloaded,companies_house_pdfs/NEWINC/03636679_1998-09-23_NEWINC.pdf,companies_house_pdfs/NEWINC,NEWINC,1998-09-23,165,,,none,
03642111,downloaded,companies_house_pdfs/NEWINC/03642111_1998-10-01_NEWINC.pdf,companies_house_pdfs/NEWINC,NEWINC,1998-10-01,166,,,none,
03651387,downloaded,companies_house_pdfs/NEWINC/03651387_1998-10-19_NEWINC.pdf,companies_house_pdfs/NEWINC,NEWINC,1998-10-19,167,,,none,
03657343,downloaded,companies_house_pdfs/NEWINC/03657343_1998-10-27_NEWINC.pdf,companies_house_pdfs/NEWINC,NEWINC,1998-10-27,168,,,none,
03666261,downloaded,companies_house_pdfs/NEWINC/03666261_1998-11-12_NEWINC.pdf,companies_house_pdfs/NEWINC,NEWINC,1998-11-12,169,,,none,
03670674,downloaded,companies_house_pdfs/NEWINC/03670674_1998-11-19_NEWINC.pdf,companies_house_pdfs/NEWINC,NEWINC,1998-11-19,170,,,none,
03674551,downloaded,companies_house_pdfs/NEWINC/03674551_1998-11-26_NEWINC.pdf,companies_house_pdfs/NEWINC,NEWINC,1998-11-26,171,,,none,
03714498,downloaded,companies_house_pdfs/NEWINC/03714498_1999-02-17_NEWINC.pdf,companies_house_pdfs/NEWINC,NEWINC,1999-02-17,172,,,none,
03717120,downloaded,companies_house_pdfs/NEWINC/03717120_1999-02-22_NEWINC.pdf,companies_house_pdfs/NEWINC,NEWINC,1999-02-22,173,,,none,
03717695,downloaded,companies_house_pdfs/NEWINC/03717695_1999-02-23_NEWINC.pdf,companies_house_pdfs/NEWINC,NEWINC,1999-02-23,174,,,none,
03746845,downloaded,companies_house_pdfs/NEWINC/03746845_1999-04-07_NEWINC.pdf,companies_house_pdfs/NEWINC,NEWINC,1999-04-07,175,,,none,
03780239,downloaded,companies_house_pdfs/NEWINC/03780239_1999-06-01_NEWINC.pdf,companies_house_pdfs/NEWINC,NEWINC,1999-06-01,176,,,none,
03781610,downloaded,companies_house_pdfs/NEWINC/03781610_1999-06-02_NEWINC.pdf,companies_house_pdfs/NEWINC,NEWINC,1999-06-02,177,,,none,
03797676,downloaded,companies_house_pdfs/NEWINC/03797676_1999-06-29_NEWINC.pdf,companies_house_pdfs/NEWINC,NEWINC,1999-06-29,178,,,none,
03822296,downloaded,companies_house_pdfs/NEWINC/03822296_1999-08-09_NEWINC.pdf,companies_house_pdfs/NEWINC,NEWINC,1999-08-09,179,,,none,
03834173,downloaded,companies_house_pdfs/NEWINC/03834173_1999-08-31_NEWINC.pdf,companies_house_pdfs/NEWINC,NEWINC,1999-08-31,180,,,none,
03837970,downloaded,companies_house_pdfs/NEWINC/03837970_1999-09-08_NEWINC.pdf,companies_house_pdfs/NEWINC,NEWINC,1999-09-08,181,,,none,
03837979,downloaded,companies_house_pdfs/NEWINC/03837979_1999-09-08_NEWINC.pdf,companies_house_pdfs/NEWINC,NEWINC,1999-09-08,182,,,none,
03870153,downloaded,companies_house_pdfs/NEWINC/03870153_1999-11-02_NEWINC.pdf,companies_house_pdfs/NEWINC,NEWINC,1999-11-02,183,,,none,
03879454,downloaded,companies_house_pdfs/NEWINC/03879454_1999-11-18_NEWINC.pdf,companies_house_pdfs/NEWINC,NEWINC,1999-11-18,184,,,none,
03883798,downloaded,companies_house_pdfs/NEWINC/03883798_1999-11-25_NEWINC.pdf,companies_house_pdfs/NEWINC,NEWINC,1999-11-25,185,,,none,
03907349,downloaded,companies_house_pdfs/NEWINC/03907349_2000-01-14_NEWINC.pdf,companies_house_pdfs/NEWINC,NEWINC,2000-01-14,186,,,none,
03917552,downloaded,companies_house_pdfs/NEWINC/03917552_2000-02-01_NEWINC.pdf,companies_house_pdfs/NEWINC,NEWINC,2000-02-01,187,,,none,
03923576,downloaded,companies_house_pdfs/NEWINC/03923576_2000-02-11_NEWINC.pdf,companies_house_pdfs/NEWINC,NEWINC,2000-02-11,188,,,none,
03927601,downloaded,companies_house_pdfs/NEWINC/03927601_2000-02-16_NEWINC.pdf,companies_house_pdfs/NEWINC,NEWINC,2000-02-16,189,,,none,
03941647,downloaded,companies_house_pdfs/NEWINC/03941647_2000-03-07_NEWINC.pdf,companies_house_pdfs/NEWINC,NEWINC,2000-03-07,190,,,none,
03954757,downloaded,companies_house_pdfs/NEWINC/03954757_2000-03-23_NEWINC.pdf,companies_house_pdfs/NEWINC,NEWINC,2000-03-23,191,,,none,
03955578,downloaded,companies_house_pdfs/NEWINC/03955578_2000-03-24_NEWINC.pdf,companies_house_pdfs/NEWINC,NEWINC,2000-03-24,192,,,none,
03963099,downloaded,companies_house_pdfs/NEWINC/03963099_2000-04-03_NEWINC.pdf,companies_house_pdfs/NEWINC,NEWINC,2000-04-03,193,,,none,
03963504,downloaded,companies_house_pdfs/NEWINC/03963504_2000-04-03_NEWINC.pdf,companies_house_pdfs/NEWINC,NEWINC,2000-04-03,194,,,none,
03981032,downloaded,companies_house_pdfs/NEWINC/03981032_2000-04-26_NEWINC.pdf,companies_house_pdfs/NEWINC,NEWINC,2000-04-26,195,,,none,
04008642,downloaded,companies_house_pdfs/NEWINC/04008642_2000-06-06_NEWINC.pdf,companies_house_pdfs/NEWINC,NEWINC,2000-06-06,196,,,none,
04012631,downloaded,companies_house_pdfs/NEWINC/04012631_2000-06-12_NEWINC.pdf,companies_house_pdfs/NEWINC,NEWINC,2000-06-12,197,,,none,
04016195,downloaded,companies_house_pdfs/NEWINC/04016195_2000-06-16_NEWINC.pdf,companies_house_pdfs/NEWINC,NEWINC,2000-06-16,198,,,none,
04022001,downloaded,companies_house_pdfs/NEWINC/04022001_2000-06-27_NEWINC.pdf,companies_house_pdfs/NEWINC,NEWINC,2000-06-27,199,,,none,
04027838,downloaded,companies_house_pdfs/NEWINC/04027838_2000-07-06_NEWINC.pdf,companies_house_pdfs/NEWINC,NEWINC,2000-07-06,200,,,none,
07658922,error_filing_history,,,,,,exception,Failed to get https://api.companieshouse.gov.uk/company/07658922/filing-history after 3 attempts,,
07662788,error_filing_history,,,,,,exception,Failed to get https://api.companieshouse.gov.uk/company/07662788/filing-history after 3 attempts,,
07670811,error_filing_history,,,,,,exception,Failed to get https://api.companieshouse.gov.uk/company/07670811/filing-history after 3 attempts,,
07676340,error_filing_history,,,,,,exception,Failed to get https://api.companieshouse.gov.uk/company/07676340/filing-history after 3 attempts,,
07677281,error_filing_history,,,,,,exception,Failed to get https://api.companieshouse.gov.uk/company/07677281/filing-history after 3 attempts,,
07687133,error_filing_history,,,,,,exception,Failed to get https://api.companieshouse.gov.uk/company/07687133/filing-history after 3 attempts,,
10029257,error_filing_history,,,,,,exception,Failed to get https://api.companieshouse.gov.uk/company/10029257/filing-history after 3 attempts,,
10032846,error_filing_history,,,,,,exception,Failed to get https://api.companieshouse.gov.uk/company/10032846/filing-history after 3 attempts,,
10037512,error_filing_history,,,,,,exception,Failed to get https://api.companieshouse.gov.uk/company/10037512/filing-history after 3 attempts,,
10038093,error_filing_history,,,,,,exception,Failed to get https://api.companieshouse.gov.uk/company/10038093/filing-history after 3 attempts,,
10038919,error_filing_history,,,,,,exception,Failed to get https://api.companieshouse.gov.uk/company/10038919/filing-history after 3 attempts,,
10039668,error_filing_history,,,,,,exception,Failed to get https://api.companieshouse.gov.uk/company/10039668/filing-history after 3 attempts,,
10043171,error_filing_history,,,,,,exception,Failed to get https://api.companieshouse.gov.uk/company/10043171/filing-history after 3 attempts,,
11749409,error_filing_history,,,,,,exception,Failed to get https://api.companieshouse.gov.uk/company/11749409/filing-history after 3 attempts,,
11749777,error_filing_history,,,,,,exception,Failed to get https://api.companieshouse.gov.uk/company/11749777/filing-history after 3 attempts,,
11757685,error_filing_history,,,,,,exception,Failed to get https://api.companieshouse.gov.uk/company/11757685/filing-history after 3 attempts,,
11762771,error_filing_history,,,,,,exception,Failed to get https://api.companieshouse.gov.uk/company/11762771/filing-history after 3 attempts,,
11766653,error_filing_history,,,,,,exception,Failed to get https://api.companieshouse.gov.uk/company/11766653/filing-history after 3 attempts,,
11774314,error_filing_history,,,,,,exception,Failed to get https://api.companieshouse.gov.uk/company/11774314/filing-history after 3 attempts,,
13022092,error_filing_history,,,,,,exception,Failed to get https://api.companieshouse.gov.uk/company/13022092/filing-history after 3 attempts,,
13022324,error_filing_history,,,,,,exception,Failed to get https://api.companieshouse.gov.uk/company/13022324/filing-history after 3 attempts,,
13022954,error_filing_history,,,,,,exception,Failed to get https://api.companieshouse.gov.uk/company/13022954/filing-history after 3 attempts,,
14507461,error_filing_history,,,,,,exception,Failed to get https://api.companieshouse.gov.uk/company/14507461/filing-history after 3 attempts,,
14509170,error_filing_history,,,,,,exception,Failed to get https://api.companieshouse.gov.uk/company/14509170/filing-history after 3 attempts,,
14509396,error_filing_history,,,,,,exception,Failed to get https://api.companieshouse.gov.uk/company/14509396/filing-history after 3 attempts,,
14510654,error_filing_history,,,,,,exception,Failed to get https://api.companieshouse.gov.uk/company/14510654/filing-history after 3 attempts,,
14512965,error_filing_history,,,,,,exception,Failed to get https://api.companieshouse.gov.uk/company/14512965/filing-history after 3 attempts,,
14523182,error_filing_history,,,,,,exception,Failed to get https://api.companieshouse.gov.uk/company/14523182/filing-history after 3 attempts,,
14524305,error_filing_history,,,,,,exception,Failed to get https://api.companieshouse.gov.uk/company/14524305/filing-history after 3 attempts,,
14525745,error_filing_history,,,,,,exception,Failed to get https://api.companieshouse.gov.uk/company/14525745/filing-history after 3 attempts,,
14526462,error_filing_history,,,,,,exception,Failed to get https://api.companieshouse.gov.uk/company/14526462/filing-history after 3 attempts,,
14528803,error_filing_history,,,,,,exception,Failed to get https://api.companieshouse.gov.uk/company/14528803/filing-history after 3 attempts,,
14530460,error_filing_history,,,,,,exception,Failed to get https://api.companieshouse.gov.uk/company/14530460/filing-history after 3 attempts,,
15692927,error_filing_history,,,,,,exception,Failed to get https://api.companieshouse.gov.uk/company/15692927/filing-history after 3 attempts,,
15693170,error_filing_history,,,,,,exception,Failed to get https://api.companieshouse.gov.uk/company/15693170/filing-history after 3 attempts,,
15696021,error_filing_history,,,,,,exception,Failed to get https://api.companieshouse.gov.uk/company/15696021/filing-history after 3 attempts,,
15697018,error_filing_history,,,,,,exception,Failed to get https://api.companieshouse.gov.uk/company/15697018/filing-history after 3 attempts,,
15700770,error_filing_history,,,,,,exception,Failed to get https://api.companieshouse.gov.uk/company/15700770/filing-history after 3 attempts,,
15701390,error_filing_history,,,,,,exception,Failed to get https://api.companieshouse.gov.uk/company/15701390/filing-history after 3 attempts,,
15701838,error_filing_history,,,,,,exception,Failed to get https://api.companieshouse.gov.uk/company/15701838/filing-history after 3 attempts,,
15703375,error_filing_history,,,,,,exception,Failed to get https://api.companieshouse.gov.uk/company/15703375/filing-history after 3 attempts,,
15708181,error_filing_history,,,,,,exception,Failed to get https://api.companieshouse.gov.uk/company/15708181/filing-history after 3 attempts,,
15712551,error_filing_history,,,,,,exception,Failed to get https://api.companieshouse.gov.uk/company/15712551/filing-history after 3 attempts,,
15713112,error_filing_history,,,,,,exception,Failed to get https://api.companieshouse.gov.uk/company/15713112/filing-history after 3 attempts,,
15715076,error_filing_history,,,,,,exception,Failed to get https://api.companieshouse.gov.uk/company/15715076/filing-history after 3 attempts,,
15715084,error_filing_history,,,,,,exception,Failed to get https://api.companieshouse.gov.uk/company/15715084/filing-history after 3 attempts,,
15716236,error_filing_history,,,,,,exception,Failed to get https://api.companieshouse.gov.uk/company/15716236/filing-history after 3 attempts,,
16707861,error_filing_history,,,,,,exception,Failed to get https://api.companieshouse.gov.uk/company/16707861/filing-history after 3 attempts,,
16710101,error_filing_history,,,,,,exception,Failed to get https://api.companieshouse.gov.uk/company/16710101/filing-history after 3 attempts,,
16711849,error_filing_history,,,,,,exception,Failed to get https://api.companieshouse.gov.uk/company/16711849/filing-history after 3 attempts,,
16712070,error_filing_history,,,,,,exception,Failed to get https://api.companieshouse.gov.uk/company/16712070/filing-history after 3 attempts,,
16712298,error_filing_history,,,,,,exception,Failed to get https://api.companieshouse.gov.uk/company/16712298/filing-history after 3 attempts,,
16716457,error_filing_history,,,,,,exception,Failed to get https://api.companieshouse.gov.uk/company/16716457/filing-history after 3 attempts,,
16717437,error_filing_history,,,,,,exception,Failed to get https://api.companieshouse.gov.uk/company/16717437/filing-history after 3 attempts,,
16721165,error_filing_history,,,,,,exception,Failed to get https://api.companieshouse.gov.uk/company/16721165/filing-history after 3 attempts,,
16724544,error_filing_history,,,,,,exception,Failed to get https://api.companieshouse.gov.uk/company/16724544/filing-history after 3 attempts,,
16730374,error_filing_history,,,,,,exception,Failed to get https://api.companieshouse.gov.uk/company/16730374/filing-history after 3 attempts,,
16732251,error_filing_history,,,,,,exception,Failed to get https://api.companieshouse.gov.uk/company/16732251/filing-history after 3 attempts,,
16734322,error_filing_history,,,,,,exception,Failed to get https://api.companieshouse.gov.uk/company/16734322/filing-history after 3 attempts,,
16735478,error_filing_history,,,,,,exception,Failed to get https://api.companieshouse.gov.uk/company/16735478/filing-history after 3 attempts,,
16735510,error_filing_history,,,,,,exception,Failed to get https://api.companieshouse.gov.uk/company/16735510/filing-history after 3 attempts,,
BR000027,no_items,,,,,,,no_filing_history_items,,
BR001061,no_items,,,,,,,no_filing_history_items,,
BR001331,no_items,,,,,,,no_filing_history_items,,
BR003657,no_items,,,,,,,no_filing_history_items,,
BR003992,no_items,,,,,,,no_filing_history_items,,
BR005769,no_items,,,,,,,no_filing_history_items,,
BR011273,no_items,,,,,,,no_filing_history_items,,
BR012489,no_items,,,,,,,no_filing_history_items,,
BR016158,no_items,,,,,,,no_filing_history_items,,
BR018777,no_items,,,,,,,no_filing_history_items,,
CE001856,no_items,,,,,,,no_filing_history_items,,
CE002237,no_items,,,,,,,no_filing_history_items,,
CE008471,no_items,,,,,,,no_filing_history_items,,
CE011153,no_items,,,,,,,no_filing_history_items,,
CE017910,no_items,,,,,,,no_filing_history_items,,
CE020415,no_items,,,,,,,no_filing_history_items,,
CE021572,no_items,,,,,,,no_filing_history_items,,
CE024136,no_items,,,,,,,no_filing_history_items,,
CE027745,no_items,,,,,,,no_filing_history_items,,
CE031556,no_items,,,,,,,no_filing_history_items,,
CE033708,no_items,,,,,,,no_filing_history_items,,
CE040418,no_items,,,,,,,no_filing_history_items,,
CS002141,no_items,,,,,,,no_filing_history_items,,
CS005783,no_items,,,,,,,no_filing_history_items,,
CS007212,no_items,,,,,,,no_filing_history_items,,
IP031479,no_items,,,,,,,no_filing_history_items,,
IP22026R,no_items,,,,,,,no_filing_history_items,,
IP22722R,no_items,,,,,,,no_filing_history_items,,
IP25185R,no_items,,,,,,,no_filing_history_items,,
IP27012R,no_items,,,,,,,no_filing_history_items,,
IP28091R,no_items,,,,,,,no_filing_history_items,,
NF002708,no_items,,,,,,,no_filing_history_items,,
